Rk,Name,Age,Tm,Lg,W,L,W-L%,ERA,G,GS,GF,CG,SHO,SV,IP,H,R,ER,HR,BB,IBB,SO,HBP,BK,WP,BF,ERA+,FIP,WHIP,H9,HR9,BB9,SO9,SO/W
961,Justin Verlander\verlaju01,36,HOU,AL,21,6,0.778,2.58,34,34,0,2,1,0,223,137,66,64,36,42,0,300,6,0,4,847,179,3.27,0.803,5.5,1.5,1.7,12.1,7.14
103,Shane Bieber\biebesh01,24,CLE,AL,15,8,0.652,3.28,34,33,1,3,2,0,214.1,186,86,78,31,40,1,259,6,1,6,859,144,3.32,1.054,7.8,1.3,1.7,10.9,6.48
83,Trevor Bauer\bauertr01,28,TOT,MLB,11,13,0.458,4.48,34,34,0,1,1,0,213,184,118,106,34,82,0,253,19,0,10,911,104,4.34,1.249,7.8,1.4,3.5,10.7,3.09
190,Gerrit Cole\colege01,28,HOU,AL,20,5,0.8,2.5,33,33,0,0,0,0,212.1,142,66,59,29,48,0,326,3,3,4,817,185,2.64,0.895,6,1.2,2,13.8,6.79
898,Stephen Strasburg\strasst01,30,WSN,NL,18,6,0.75,3.32,33,33,0,0,0,0,209,161,79,77,24,56,4,251,10,0,8,841,138,3.25,1.038,6.9,1,2.4,10.8,4.48
369,Zack Greinke\greinza01,35,TOT,MLB,18,5,0.783,2.93,33,33,0,0,0,0,208.2,175,73,68,21,30,2,187,4,1,2,810,154,3.22,0.982,7.5,0.9,1.3,8.1,6.23
537,Lance Lynn\lynnla01,32,TEX,AL,16,11,0.593,3.67,33,33,0,0,0,0,208.1,195,89,85,21,59,0,246,8,0,18,875,141,3.13,1.219,8.4,0.9,2.5,10.6,4.17
611,Mike Minor*\minormi01,31,TEX,AL,14,10,0.583,3.59,32,32,0,2,1,0,208.1,190,86,83,30,68,1,200,7,0,2,863,144,4.25,1.238,8.2,1.3,2.9,8.6,2.94
142,Madison Bumgarner*\bumgama01,29,SFG,NL,9,9,0.5,3.9,34,34,0,0,0,0,207.2,191,99,90,30,43,3,203,10,0,3,844,107,3.9,1.127,8.3,1.3,1.9,8.8,4.72
218,Jacob deGrom\degroja01,31,NYM,NL,11,8,0.579,2.43,32,32,0,0,0,0,204,154,59,55,19,44,1,255,7,0,2,804,167,2.67,0.971,6.8,0.8,1.9,11.3,5.8
769,Eduardo Rodriguez*\rodried05,26,BOS,AL,19,6,0.76,3.81,34,34,0,0,0,0,203.1,195,88,86,24,75,2,213,7,0,3,859,126,3.86,1.328,8.6,1.1,3.3,9.4,2.84
354,Marco Gonzales*\gonzama02,27,SEA,AL,16,13,0.552,3.99,34,34,0,0,0,0,203,210,106,90,23,56,1,147,6,1,2,866,109,4.15,1.31,9.3,1,2.5,6.5,2.63
647,Aaron Nola\nolaaa01,26,PHI,NL,12,7,0.632,3.87,34,34,0,0,0,0,202.1,176,91,87,27,80,3,229,11,0,3,852,116,4.03,1.265,7.8,1.2,3.6,10.2,2.86
196,Patrick Corbin*\corbipa01,29,WSN,NL,14,7,0.667,3.25,33,33,0,1,1,0,202,169,81,73,24,70,2,238,3,0,4,835,141,3.49,1.183,7.5,1.1,3.1,10.6,3.4
92,Jose Berrios\berrijo01,25,MIN,AL,14,8,0.636,3.68,32,32,0,1,0,0,200.1,194,94,82,26,51,0,195,9,1,8,842,124,3.85,1.223,8.7,1.2,2.3,8.8,3.82
922,Noah Syndergaard\syndeno01,26,NYM,NL,10,8,0.556,4.28,32,32,0,1,1,0,197.2,194,101,94,24,50,2,202,6,0,4,825,95,3.6,1.234,8.8,1.1,2.3,9.2,4.04
19,Sandy Alcantara\alcansa01,23,MIA,NL,6,14,0.3,3.88,32,32,0,2,2,0,197.1,179,94,85,23,81,5,151,8,1,4,838,109,4.55,1.318,8.2,1,3.7,6.9,1.86
510,Mike Leake\leakemi01,31,TOT,MLB,12,11,0.522,4.29,32,32,0,2,1,0,197,227,114,94,41,27,2,127,10,0,2,835,102,5.19,1.289,10.4,1.9,1.2,5.8,4.7
295,Jack Flaherty\flaheja01,23,STL,NL,11,8,0.579,2.75,33,33,0,0,0,0,196.1,135,62,60,25,55,2,231,7,0,6,772,155,3.46,0.968,6.2,1.1,2.5,10.6,4.2
989,Zack Wheeler\wheelza01,29,NYM,NL,11,8,0.579,3.96,31,31,0,0,0,0,195.1,196,93,86,22,50,4,195,2,0,5,828,102,3.48,1.259,9,1,2.3,9,3.9
631,Charlie Morton\mortoch02,35,TBR,AL,16,6,0.727,3.05,33,33,0,0,0,0,194.2,154,71,66,15,57,0,240,12,1,5,790,146,2.81,1.084,7.1,0.7,2.6,11.1,4.21
164,Luis Castillo\castilu02,26,CIN,NL,15,8,0.652,3.4,32,32,0,0,0,0,190.2,139,76,72,22,79,0,226,7,3,5,781,133,3.7,1.143,6.6,1,3.7,10.7,2.86
650,Ivan Nova\novaiv01,32,CHW,AL,11,12,0.478,4.72,34,34,0,2,0,0,187,225,107,98,30,47,1,114,9,0,7,806,97,4.98,1.455,10.8,1.4,2.3,5.5,2.43
121,Matthew Boyd*\boydma01,28,DET,AL,9,12,0.429,4.56,32,32,0,0,0,0,185.1,178,101,94,39,50,1,238,8,4,6,788,105,4.32,1.23,8.6,1.9,2.4,11.6,4.76
293,Mike Fiers\fiersmi01,34,OAK,AL,15,4,0.789,3.9,33,33,0,1,1,0,184.2,166,82,80,30,53,0,126,9,1,13,754,110,4.97,1.186,8.1,1.5,2.6,6.1,2.38
906,Marcus Stroman\stromma01,28,TOT,MLB,10,13,0.435,3.22,32,32,0,0,0,0,184.1,183,77,66,18,58,1,159,1,0,7,774,136,3.72,1.307,8.9,0.9,2.8,7.8,2.74
524,Reynaldo Lopez\lopezre01,25,CHW,AL,10,15,0.4,5.38,33,33,0,1,0,0,184,203,119,110,35,65,0,169,8,2,5,809,85,5.04,1.457,9.9,1.7,3.2,8.3,2.6
602,Miles Mikolas\mikolmi01,30,STL,NL,9,14,0.391,4.16,32,32,0,1,1,0,184,193,90,85,27,32,1,144,12,2,5,764,103,4.27,1.223,9.4,1.3,1.6,7,4.5
483,Merrill Kelly\kellyme01,30,ARI,NL,13,14,0.481,4.42,32,32,0,0,0,0,183.1,184,95,90,29,57,4,158,2,0,4,777,101,4.51,1.315,9,1.4,2.8,7.8,2.77
806,Hyun-Jin Ryu*\ryuhy01,32,LAD,NL,14,5,0.737,2.32,29,29,0,1,1,0,182.2,160,53,47,17,24,2,163,4,0,0,723,179,3.1,1.007,7.9,0.8,1.2,8,6.79
141,Walker Buehler\buehlwa01,24,LAD,NL,14,4,0.778,3.26,30,30,0,2,0,0,182.1,153,77,66,20,37,0,215,7,0,4,737,127,3.01,1.042,7.6,1,1.8,10.6,5.81
924,Masahiro Tanaka\tanakma01,30,NYY,AL,11,9,0.55,4.45,32,31,0,1,1,0,182,186,95,90,28,40,0,149,2,0,7,759,100,4.27,1.242,9.2,1.4,2,7.4,3.73
815,Jeff Samardzija\samarje01,34,SFG,NL,11,12,0.478,3.52,32,32,0,0,0,0,181.1,152,78,71,28,49,4,140,6,0,5,740,119,4.59,1.108,7.5,1.4,2.4,6.9,2.86
207,Yu Darvish\darviyu01,32,CHC,NL,6,8,0.429,3.98,31,31,0,0,0,0,178.2,140,82,79,33,56,1,229,11,0,11,731,112,4.18,1.097,7.1,1.7,2.8,11.5,4.09
485,Clayton Kershaw*\kershcl01,31,LAD,NL,16,5,0.762,3.03,29,28,0,0,0,0,178.1,145,63,60,28,41,0,189,2,1,7,706,137,3.86,1.043,7.3,1.4,2.1,9.5,4.61
413,Kyle Hendricks\hendrky01,29,CHC,NL,11,10,0.524,3.46,30,30,0,1,1,0,177,168,78,68,19,32,1,150,9,0,1,730,129,3.61,1.13,8.5,1,1.6,7.6,4.69
346,Lucas Giolito\giolilu01,24,CHW,AL,14,9,0.609,3.41,29,29,0,3,2,0,176.2,131,69,67,24,57,1,228,4,0,6,705,134,3.43,1.064,6.7,1.2,2.9,11.6,4
35,Brett Anderson*\anderbr04,31,OAK,AL,13,9,0.591,3.89,31,31,0,0,0,0,176,181,80,76,20,49,2,90,4,0,4,743,111,4.57,1.307,9.3,1,2.5,4.6,1.84
363,Sonny Gray\grayso01,29,CIN,NL,11,8,0.579,2.87,31,31,0,0,0,0,175.1,122,59,56,17,68,1,205,7,1,7,708,158,3.42,1.084,6.3,0.9,3.5,10.5,3.01
470,Jakob Junis\junisja01,26,KCR,AL,9,14,0.391,5.24,31,31,0,0,0,0,175.1,192,108,102,31,58,1,164,11,0,4,771,90,4.82,1.426,9.9,1.6,3,8.4,2.83
440,Dakota Hudson\hudsoda02,24,STL,NL,16,7,0.696,3.35,33,32,1,0,0,1,174.2,160,80,65,22,86,8,136,9,0,5,757,128,4.93,1.408,8.2,1.1,4.4,7,1.58
874,Mike Soroka\sorokmi01,21,ATL,NL,13,4,0.765,2.68,29,29,0,0,0,0,174.2,153,56,52,14,41,1,142,7,0,3,701,169,3.45,1.111,7.9,0.7,2.1,7.3,3.46
928,Julio Teheran\teherju01,28,ATL,NL,10,11,0.476,3.81,33,33,0,0,0,0,174.2,148,81,74,22,83,3,162,14,1,5,754,119,4.66,1.323,7.6,1.1,4.3,8.3,1.95
716,Rick Porcello\porceri01,30,BOS,AL,14,12,0.538,5.52,32,32,0,0,0,0,174.1,198,114,107,31,45,2,143,6,2,5,768,87,4.76,1.394,10.2,1.6,2.3,7.4,3.18
740,Robbie Ray*\rayro02,27,ARI,NL,12,8,0.6,4.34,33,33,0,0,0,0,174.1,150,91,84,30,84,5,235,5,0,7,747,103,4.29,1.342,7.7,1.5,4.3,12.1,2.8
554,German Marquez\marquge01,24,COL,NL,12,5,0.706,4.76,28,28,0,1,1,0,174,174,96,92,29,35,0,175,5,1,14,721,109,4.06,1.201,9,1.5,1.8,9.1,5
829,Max Scherzer\scherma01,34,WSN,NL,11,7,0.611,2.92,27,27,0,0,0,0,172.1,144,59,56,18,33,2,243,7,0,0,693,157,2.45,1.027,7.5,0.9,1.7,12.7,7.36
516,Jon Lester*\lestejo01,35,CHC,NL,13,10,0.565,4.46,31,31,0,0,0,0,171.2,205,101,85,26,52,0,165,5,0,3,764,100,4.26,1.497,10.7,1.4,2.7,8.7,3.17
971,Adam Wainwright\wainwad01,37,STL,NL,14,10,0.583,4.19,31,31,0,0,0,0,171.2,181,83,80,22,64,7,153,8,0,2,745,102,4.36,1.427,9.5,1.2,3.4,8,2.39
726,Jose Quintana*\quintjo01,30,CHC,NL,13,9,0.591,4.68,32,31,0,0,0,0,171,191,100,89,20,46,0,152,2,0,11,745,95,3.8,1.386,10.1,1.1,2.4,8,3.3
637,Joe Musgrove\musgrjo01,26,PIT,NL,11,12,0.478,4.44,32,31,0,0,0,0,170.1,168,98,84,21,39,1,157,9,0,2,718,96,3.82,1.215,8.9,1.1,2.1,8.3,4.03
603,Wade Miley*\mileywa01,32,HOU,AL,14,6,0.7,3.98,33,33,0,0,0,0,167.1,164,83,74,23,61,0,140,5,2,4,720,116,4.51,1.345,8.8,1.2,3.3,7.5,2.3
221,Anthony DeSclafani\desclan01,29,CIN,NL,9,9,0.5,3.89,31,31,0,0,0,0,166.2,151,77,72,29,49,5,167,4,1,2,696,117,4.43,1.2,8.2,1.6,2.6,9,3.41
820,Anibal Sanchez\sanchan01,35,WSN,NL,11,8,0.579,3.85,30,30,0,0,0,0,166,153,77,71,22,58,10,134,4,3,1,712,119,4.44,1.271,8.3,1.2,3.1,7.3,2.31
312,Max Fried*\friedma01,25,ATL,NL,17,6,0.739,4.02,33,30,1,1,0,0,165.2,174,80,74,21,47,3,173,5,1,11,702,113,3.72,1.334,9.5,1.1,2.6,9.4,3.68
477,Brad Keller\kellebr01,23,KCR,AL,7,14,0.333,4.19,28,28,0,0,0,0,165.1,154,80,77,15,70,2,122,9,1,9,709,113,4.35,1.355,8.4,0.8,3.8,6.6,1.74
694,Martin Perez*\perezma02,28,MIN,AL,10,7,0.588,5.12,32,29,0,0,0,0,165.1,184,104,94,23,67,1,135,3,1,3,737,90,4.66,1.518,10,1.3,3.6,7.3,2.01
757,Tanner Roark\roarkta01,32,TOT,MLB,10,10,0.5,4.35,31,31,0,0,0,0,165.1,180,84,80,28,51,1,158,13,0,3,722,103,4.67,1.397,9.8,1.5,2.8,8.6,3.1
530,Joey Lucchesi*\lucchjo01,26,SDP,NL,10,10,0.5,4.18,30,30,0,0,0,0,163.2,144,78,76,23,56,0,158,2,0,8,686,101,4.17,1.222,7.9,1.3,3.1,8.7,2.82
62,Homer Bailey\baileho02,33,TOT,AL,13,9,0.591,4.57,31,31,0,0,0,0,163.1,162,84,83,21,53,1,149,4,1,4,696,99,4.11,1.316,8.9,1.2,2.9,8.2,2.81
263,Zach Eflin\eflinza01,25,PHI,NL,10,13,0.435,4.13,32,28,3,2,1,0,163.1,172,88,75,28,48,5,129,6,0,1,705,109,4.85,1.347,9.5,1.5,2.6,7.1,2.69
144,Dylan Bundy\bundydy01,26,BAL,AL,7,14,0.333,4.79,30,30,0,0,0,0,161.2,161,95,86,29,58,0,162,6,1,7,700,99,4.73,1.355,9,1.6,3.2,9,2.79
487,Yusei Kikuchi*\kikucyu01,28,SEA,AL,6,11,0.353,5.46,32,32,0,1,1,0,161.2,195,109,98,36,50,0,116,6,1,5,721,80,5.71,1.515,10.9,2,2.8,6.5,2.32
394,J.A. Happ*\happja01,36,NYY,AL,12,8,0.6,4.91,31,30,0,0,0,0,161.1,160,88,88,34,49,1,140,5,0,3,678,90,5.22,1.295,8.9,1.9,2.7,7.8,2.86
569,Steven Matz*\matzst01,28,NYM,NL,11,10,0.524,4.21,32,30,0,1,1,0,160.1,163,83,75,27,52,7,153,7,0,3,691,96,4.6,1.341,9.1,1.5,2.9,8.6,2.94
342,Kyle Gibson\gibsoky01,31,MIN,AL,13,7,0.65,4.84,34,29,0,0,0,0,160,175,99,86,23,56,0,160,7,0,8,706,95,4.26,1.444,9.8,1.3,3.2,9,2.86
208,Zach Davies\davieza02,26,MIL,NL,10,7,0.588,3.55,31,31,0,0,0,0,159.2,155,73,63,20,51,0,102,2,0,4,672,125,4.56,1.29,8.7,1.1,2.9,5.7,2
655,Jake Odorizzi\odorija01,29,MIN,AL,15,7,0.682,3.51,30,30,0,0,0,0,159,139,65,62,16,53,0,178,4,0,4,658,131,3.36,1.208,7.9,0.9,3,10.1,3.36
84,Trevor Bauer\bauertr01,28,CLE,AL,9,8,0.529,3.79,24,24,0,1,1,0,156.2,127,76,66,22,63,0,185,14,0,8,664,124,4.15,1.213,7.3,1.3,3.6,10.6,2.94
586,John Means*\meansjo01,26,BAL,AL,12,11,0.522,3.6,31,27,1,0,0,0,155,138,68,62,23,38,0,121,5,0,5,637,131,4.41,1.135,8,1.3,2.2,7,3.18
931,Trent Thornton\thorntr01,25,TOR,AL,6,9,0.4,4.84,32,29,0,0,0,0,154.1,156,87,83,24,61,0,149,5,0,5,677,94,4.59,1.406,9.1,1.4,3.6,8.7,2.44
541,Kenta Maeda\maedake01,31,LAD,NL,10,8,0.556,4.04,37,26,3,0,0,3,153.2,114,70,69,22,51,1,169,4,0,3,624,102,3.95,1.074,6.7,1.3,3,9.9,3.31
860,Caleb Smith*\smithca03,27,MIA,NL,10,11,0.476,4.52,28,28,0,0,0,0,153.1,128,82,77,33,60,2,168,6,1,6,646,94,5.11,1.226,7.5,1.9,3.5,9.9,2.8
679,James Paxton*\paxtoja01,30,NYY,AL,15,6,0.714,3.82,29,29,0,0,0,0,150.2,138,71,64,23,55,0,186,2,1,7,633,116,3.86,1.281,8.2,1.4,3.3,11.1,3.38
159,Andrew Cashner\cashnan01,32,TOT,AL,11,8,0.579,4.68,42,23,3,0,0,1,150,144,84,78,19,58,0,108,4,0,8,636,102,4.66,1.347,8.6,1.1,3.5,6.5,1.86
362,Jon Gray\grayjo02,27,COL,NL,11,8,0.579,3.84,26,25,1,0,0,0,150,147,70,64,19,56,4,150,4,0,7,637,135,4.06,1.353,8.8,1.1,3.4,9,2.68
508,Eric Lauer*\lauerer01,24,SDP,NL,8,10,0.444,4.45,30,29,0,0,0,0,149.2,158,82,74,20,51,4,138,5,1,4,651,95,4.23,1.396,9.5,1.2,3.1,8.3,2.71
949,Jason Vargas*\vargaja01,36,TOT,NL,7,9,0.438,4.51,30,29,1,1,1,0,149.2,141,84,75,21,63,2,124,6,0,5,649,94,4.76,1.363,8.5,1.3,3.8,7.5,1.97
941,Spencer Turnbull\turnbsp01,26,DET,AL,3,17,0.15,4.61,30,30,0,0,0,0,148.1,154,86,76,14,59,1,146,16,0,9,656,104,3.99,1.436,9.3,0.8,3.6,8.9,2.47
814,Chris Sale*\salech01,30,BOS,AL,6,11,0.353,4.4,25,25,0,1,1,0,147.1,123,80,72,24,37,0,218,13,0,2,612,109,3.39,1.086,7.5,1.5,2.3,13.3,5.89
370,Zack Greinke\greinza01,35,ARI,NL,10,4,0.714,2.9,23,23,0,0,0,0,146,117,48,47,15,21,2,135,3,0,1,562,154,3.19,0.945,7.2,0.9,1.3,8.3,6.43
704,Michael Pineda\pinedmi01,30,MIN,AL,11,5,0.688,4.01,26,26,0,0,0,0,146,141,68,65,23,28,1,140,5,0,8,600,114,4.02,1.158,8.7,1.4,1.7,8.6,5
1000,Trevor Williams\willitr01,27,PIT,NL,7,9,0.438,5.38,26,26,0,0,0,0,145.2,162,93,87,27,44,3,113,7,0,2,636,79,5.12,1.414,10,1.7,2.7,7,2.57
648,Daniel Norris*\norrida01,26,DET,AL,3,13,0.188,4.49,32,29,0,0,0,0,144.1,154,75,72,25,38,0,125,4,0,5,610,107,4.61,1.33,9.6,1.6,2.4,7.8,3.29
82,Chris Bassitt\bassich01,30,OAK,AL,10,5,0.667,3.81,28,25,2,0,0,0,144,125,66,61,21,47,0,141,13,0,3,612,113,4.4,1.194,7.8,1.3,2.9,8.8,3
338,Domingo German\germado01,26,NYY,AL,18,4,0.818,4.03,27,24,0,0,0,0,143,125,69,64,30,39,0,153,5,0,5,594,110,4.72,1.147,7.9,1.9,2.5,9.6,3.92
391,Cole Hamels*\hamelco01,35,CHC,NL,7,7,0.5,3.81,27,27,0,0,0,0,141.2,141,64,60,17,56,1,143,7,0,1,617,117,4.09,1.391,9,1.1,3.6,9.1,2.55
1025,Ryan Yarbrough*\yarbrry01,27,TBR,AL,11,6,0.647,4.13,28,14,1,0,0,0,141.2,121,69,65,15,20,2,117,9,1,0,563,108,3.55,0.995,7.7,1,1.3,7.4,5.85
534,Jordan Lyles\lylesjo01,28,TOT,NL,12,8,0.6,4.15,28,28,0,0,0,0,141,131,72,65,25,55,2,146,1,0,4,599,105,4.64,1.319,8.4,1.6,3.5,9.3,2.65
667,Chris Paddack\paddach01,23,SDP,NL,9,7,0.563,3.33,26,26,0,0,0,0,140.2,107,58,52,23,31,1,153,6,1,1,568,127,3.95,0.981,6.8,1.5,2,9.8,4.94
36,Chase Anderson\anderch01,31,MIL,NL,8,4,0.667,4.21,32,27,1,0,0,0,139,126,67,65,23,50,2,124,8,1,1,592,106,4.83,1.266,8.2,1.5,3.2,8,2.48
511,Mike Leake\leakemi01,31,SEA,AL,9,8,0.529,4.27,22,22,0,2,1,0,137,153,78,65,26,19,1,100,4,0,2,576,102,4.72,1.255,10.1,1.7,1.2,6.6,5.26
876,Glenn Sparkman\sparkgl01,27,KCR,AL,4,11,0.267,6.02,31,23,2,1,1,0,136,164,96,91,30,41,1,81,6,2,6,606,78,5.93,1.507,10.9,2,2.7,5.4,1.98
54,Jake Arrieta\arrieja01,33,PHI,NL,8,8,0.5,4.64,24,24,0,0,0,0,135.2,149,76,70,21,51,3,110,7,0,7,594,97,4.89,1.474,9.9,1.4,3.4,7.3,2.16
751,Trevor Richards\richatr01,26,TOT,MLB,6,12,0.333,4.06,30,23,1,0,0,0,135.1,127,63,61,19,56,6,127,5,0,4,580,105,4.51,1.352,8.4,1.3,3.7,8.4,2.27
178,Yonny Chirinos\chiriyo01,25,TBR,AL,9,5,0.643,3.85,26,18,0,0,0,0,133.1,112,61,57,23,28,1,114,3,3,4,530,115,4.44,1.05,7.6,1.6,1.9,7.7,4.07
817,Aaron Sanchez\sanchaa01,26,TOT,AL,5,14,0.263,5.89,27,27,0,0,0,0,131.1,145,92,86,20,68,2,115,11,0,7,605,77,5.25,1.622,9.9,1.4,4.7,7.9,1.69
242,Danny Duffy*\duffyda01,30,KCR,AL,7,6,0.538,4.34,23,23,0,0,0,0,130.2,125,69,63,21,46,0,115,8,0,4,555,109,4.78,1.309,8.6,1.4,3.2,7.9,2.5
545,Tyler Mahle\mahlety01,24,CIN,NL,3,12,0.2,5.14,25,25,0,0,0,0,129.2,136,82,74,25,34,0,129,6,1,2,556,88,4.66,1.311,9.4,1.7,2.4,9,3.79
969,Michael Wacha\wachami01,27,STL,NL,6,7,0.462,4.76,29,24,0,0,0,0,126.2,143,71,67,26,55,4,104,3,0,2,562,90,5.61,1.563,10.2,1.8,3.9,7.4,1.89
186,Mike Clevinger\clevimi01,28,CLE,AL,13,4,0.765,2.71,21,21,0,0,0,0,126,96,38,38,10,37,0,169,2,0,0,499,174,2.49,1.056,6.9,0.7,2.6,12.1,4.57
816,Adrian Sampson\sampsad01,27,TEX,AL,6,8,0.429,5.89,35,15,4,1,0,0,125.1,156,86,82,29,36,1,101,9,1,4,563,88,5.69,1.532,11.2,2.1,2.6,7.3,2.81
839,Antonio Senzatela\senzaan01,24,COL,NL,11,11,0.5,6.71,25,25,0,0,0,0,124.2,161,99,93,19,57,5,76,4,3,1,582,77,5.44,1.749,11.6,1.4,4.1,5.5,1.33
907,Marcus Stroman\stromma01,28,TOR,AL,6,11,0.353,2.96,21,21,0,0,0,0,124.2,118,50,41,10,35,0,99,0,0,4,513,153,3.51,1.227,8.5,0.7,2.5,7.1,2.83
522,Jorge Lopez\lopezjo02,26,KCR,AL,4,9,0.308,6.33,39,18,8,0,0,1,123.2,140,94,87,27,42,0,109,10,0,6,548,75,5.55,1.472,10.2,2,3.1,7.9,2.6
471,Ariel Jurado\juradar01,23,TEX,AL,7,11,0.389,5.81,32,18,3,1,0,0,122.1,148,94,79,21,36,1,81,4,0,3,541,89,5.1,1.504,10.9,1.5,2.6,6,2.25
1015,Brandon Woodruff\woodrbr01,26,MIL,NL,11,3,0.786,3.62,22,22,0,0,0,0,121.2,109,49,49,12,30,0,143,5,1,1,493,123,3.01,1.142,8.1,0.9,2.2,10.6,4.77
513,Wade LeBlanc*\leblawa01,34,SEA,AL,6,7,0.462,5.71,26,8,4,0,0,0,121.1,145,80,77,28,31,1,92,1,0,0,532,76,5.49,1.451,10.8,2.1,2.3,6.8,2.97
49,Chris Archer\archech01,30,PIT,NL,3,9,0.25,5.19,23,23,0,0,0,0,119.2,114,73,69,25,55,2,143,4,0,6,526,82,5.02,1.412,8.6,1.9,4.1,10.8,2.6
954,Vince Velasquez\velasvi01,27,PHI,NL,7,8,0.467,4.91,33,23,2,0,0,0,117.1,120,69,64,26,43,2,130,9,0,5,516,92,5.21,1.389,9.2,2,3.3,10,3.02
89,Tyler Beede\beedety01,26,SFG,NL,5,10,0.333,5.08,24,22,0,0,0,0,117,127,70,66,22,46,1,113,5,0,9,523,82,5.03,1.479,9.8,1.7,3.5,8.7,2.46
299,Mike Foltynewicz\foltymi01,27,ATL,NL,8,6,0.571,4.54,21,21,0,0,0,0,117,109,65,59,23,37,2,105,2,0,5,491,100,4.97,1.248,8.4,1.8,2.8,8.1,2.84
708,Zach Plesac\plesaza01,24,CLE,AL,8,6,0.571,3.81,21,21,0,1,1,0,115.2,102,52,49,19,40,0,88,3,0,1,475,124,4.94,1.228,7.9,1.5,3.1,6.8,2.2
896,Matt Strahm*\strahma01,27,SDP,NL,6,11,0.353,4.71,46,16,4,0,0,0,114.2,121,61,60,22,22,4,118,7,1,3,487,90,4.41,1.247,9.5,1.7,1.7,9.3,5.36
867,Drew Smyly*\smylydr01,30,TOT,MLB,4,7,0.364,6.24,25,21,1,0,0,1,114,126,83,79,32,55,0,120,2,0,7,514,77,6.26,1.588,9.9,2.5,4.3,9.5,2.18
128,Steven Brault*\braulst01,27,PIT,NL,4,6,0.4,5.16,25,19,1,0,0,0,113.1,117,69,65,15,53,2,100,7,1,7,505,83,4.76,1.5,9.3,1.2,4.2,7.9,1.89
486,Dallas Keuchel*\keuchda01,31,ATL,NL,8,8,0.5,3.75,19,19,0,0,0,0,112.2,115,50,47,16,39,1,91,9,0,6,487,121,4.72,1.367,9.2,1.3,3.1,7.3,2.33
818,Aaron Sanchez\sanchaa01,26,TOR,AL,3,14,0.176,6.07,23,23,0,0,0,0,112.2,131,82,76,15,59,2,99,10,0,7,524,75,5.02,1.686,10.5,1.2,4.7,7.9,1.68
752,Trevor Richards\richatr01,26,MIA,NL,3,12,0.2,4.5,23,20,1,0,0,0,112,104,56,56,16,51,6,103,5,0,4,483,94,4.73,1.384,8.4,1.3,4.1,8.3,2.02
1034,Jordan Zimmermann\zimmejo02,33,DET,AL,1,13,0.071,6.91,23,23,0,0,0,0,112,145,89,86,19,25,2,82,6,0,3,504,70,4.79,1.518,11.7,1.5,2,6.6,3.28
609,Tommy Milone*\milonto01,32,SEA,AL,4,10,0.286,4.76,23,6,0,0,0,0,111.2,102,61,59,24,23,2,94,2,0,1,453,92,5,1.119,8.2,1.9,1.9,7.6,4.09
436,Adrian Houser\housead01,26,MIL,NL,6,7,0.462,3.72,35,18,7,0,0,0,111.1,101,49,46,14,37,2,117,5,0,2,462,120,3.88,1.24,8.2,1.1,3,9.5,3.16
523,Pablo Lopez\lopezpa01,23,MIA,NL,5,8,0.385,5.09,21,21,0,0,0,0,111.1,111,64,63,15,27,3,95,11,2,6,469,83,4.28,1.24,9,1.2,2.2,7.7,3.52
1028,Gabriel Ynoa\ynoaga01,26,BAL,AL,1,10,0.091,5.61,36,13,3,0,0,0,110.2,126,77,69,29,26,1,67,3,1,4,480,84,6.2,1.373,10.2,2.4,2.1,5.4,2.58
758,Tanner Roark\roarkta01,32,CIN,NL,6,7,0.462,4.24,21,21,0,0,0,0,110.1,119,55,52,14,38,1,108,9,0,0,484,107,4.18,1.423,9.7,1.1,3.1,8.8,2.84
135,Aaron Brooks\brookaa01,29,TOT,AL,6,8,0.429,5.65,29,18,8,0,0,0,110,118,72,69,21,34,0,82,10,1,4,482,81,5.4,1.382,9.7,1.7,2.8,6.7,2.41
709,Adam Plutko\plutkad01,27,CLE,AL,7,5,0.583,4.86,21,20,0,0,0,0,109.1,115,61,59,22,26,2,78,4,0,0,462,97,5.23,1.29,9.5,1.8,2.1,6.4,3
720,David Price*\priceda01,33,BOS,AL,7,5,0.583,4.28,22,22,0,0,0,0,107.1,109,57,51,15,32,0,128,3,1,3,458,113,3.62,1.314,9.1,1.3,2.7,10.7,4
807,CC Sabathia*\sabatc.01,38,NYY,AL,5,8,0.385,4.95,23,22,0,0,0,0,107.1,112,64,59,27,39,0,107,3,0,0,468,90,5.66,1.407,9.4,2.3,3.3,9,2.74
871,Blake Snell*\snellbl01,26,TBR,AL,6,8,0.429,4.29,23,23,0,0,0,0,107,96,53,51,14,40,1,147,1,1,11,441,104,3.32,1.271,8.1,1.2,3.4,12.4,3.68
90,Jalen Beeks*\beeksja02,25,TBR,AL,6,3,0.667,4.31,33,3,5,0,0,1,104.1,115,56,50,12,40,1,89,9,0,3,464,103,4.41,1.486,9.9,1,3.5,7.7,2.23
309,Kyle Freeland*\freelky01,26,COL,NL,3,11,0.214,6.73,22,22,0,0,0,0,104.1,126,85,78,25,39,3,79,2,0,4,473,77,5.99,1.581,10.9,2.2,3.4,6.8,2.03
711,Drew Pomeranz*\pomerdr01,30,TOT,NL,2,10,0.167,4.85,46,18,4,0,0,2,104,105,58,56,21,44,0,137,4,1,1,455,88,4.59,1.433,9.1,1.8,3.8,11.9,3.11
169,Jhoulys Chacin\chacijh01,31,TOT,MLB,3,12,0.2,6.01,25,24,0,0,0,0,103.1,115,73,69,25,46,1,101,5,0,3,470,75,5.88,1.558,10,2.2,4,8.8,2.2
723,Cal Quantrill\quantca01,24,SDP,NL,6,8,0.429,5.16,23,18,0,0,0,0,103,106,61,59,15,28,2,89,3,0,3,443,82,4.28,1.301,9.3,1.3,2.4,7.8,3.18
151,Trevor Cahill\cahiltr01,31,LAA,AL,4,9,0.308,5.98,37,11,12,0,0,0,102.1,111,71,68,25,39,0,81,6,0,14,455,76,6.13,1.466,9.8,2.2,3.4,7.1,2.08
331,Kevin Gausman\gausmke01,28,TOT,NL,3,9,0.25,5.72,31,17,6,0,0,0,102.1,113,71,65,15,32,3,114,5,0,2,451,80,3.98,1.417,9.9,1.3,2.8,10,3.56
768,Dereck Rodriguez\rodride01,27,SFG,NL,6,11,0.353,5.64,28,16,4,0,0,0,99,108,74,62,21,36,0,71,2,0,1,439,74,5.69,1.455,9.8,1.9,3.3,6.5,1.97
160,Andrew Cashner\cashnan01,32,BAL,AL,9,3,0.75,3.83,17,17,0,0,0,0,96.1,86,45,41,11,29,0,66,1,0,4,400,123,4.26,1.194,8,1,2.7,6.2,2.28
684,Felix Pena\penafe01,29,LAA,AL,8,3,0.727,4.58,22,7,1,0,0,0,96.1,80,56,49,16,34,0,101,6,0,8,407,99,4.52,1.183,7.5,1.5,3.2,9.4,2.97
43,Shaun Anderson\andersh01,24,SFG,NL,3,5,0.375,5.44,28,16,4,0,0,2,96,111,61,58,13,38,3,70,2,0,6,427,77,4.77,1.552,10.4,1.2,3.6,6.6,1.84
613,Frankie Montas\montafr02,26,OAK,AL,9,2,0.818,2.63,16,16,0,0,0,0,96,84,35,28,8,23,1,103,4,0,5,394,164,3,1.115,7.9,0.8,2.2,9.7,4.48
334,Sam Gaviglio\gavigsa01,29,TOR,AL,4,2,0.667,4.61,52,0,9,0,0,0,95.2,85,51,49,18,22,0,88,4,1,0,392,98,4.64,1.118,8,1.7,2.1,8.3,4
407,Andrew Heaney*\heanean01,28,LAA,AL,4,6,0.4,4.91,18,18,0,0,0,0,95.1,93,53,52,20,30,1,118,7,0,4,409,92,4.63,1.29,8.8,1.9,2.8,11.1,3.93
950,Jason Vargas*\vargaja01,36,NYM,NL,6,5,0.545,4.01,19,18,1,1,1,0,94.1,81,45,42,14,39,2,81,1,0,3,400,101,4.7,1.272,7.7,1.3,3.7,7.7,2.08
706,Nick Pivetta\pivetni01,26,PHI,NL,4,6,0.4,5.38,30,13,8,1,0,1,93.2,103,64,56,20,39,2,89,4,1,4,421,84,5.47,1.516,9.9,1.9,3.7,8.6,2.28
349,Zack Godley\godleza01,29,TOT,MLB,4,5,0.444,5.97,33,9,10,0,0,2,92,96,62,61,14,42,2,70,5,1,3,407,75,5.2,1.5,9.4,1.4,4.1,6.8,1.67
683,Brad Peacock\peacobr01,31,HOU,AL,7,6,0.538,4.12,23,15,1,0,0,0,91.2,78,43,42,15,31,0,96,5,1,1,383,112,4.42,1.189,7.7,1.5,3,9.4,3.1
616,Mike Montgomery*\montgmi01,29,TOT,MLB,3,9,0.25,4.95,33,13,6,0,0,0,91,113,55,50,18,34,1,69,4,0,3,402,94,5.52,1.615,11.2,1.8,3.4,6.8,2.03
905,Ross Stripling\stripro01,29,LAD,NL,4,4,0.5,3.47,32,15,4,0,0,0,90.2,84,40,35,11,20,0,93,2,0,4,370,119,3.47,1.147,8.3,1.1,2,9.2,4.65
152,Griffin Canning\cannigr01,23,LAA,AL,5,6,0.455,4.58,18,17,1,0,0,0,90.1,80,46,46,14,30,0,96,8,1,9,384,99,4.37,1.218,8,1.4,3,9.6,3.2
63,Homer Bailey\baileho02,33,KCR,AL,7,6,0.538,4.8,18,18,0,0,0,0,90,89,49,48,12,38,0,81,2,0,2,389,98,4.48,1.411,8.9,1.2,3.8,8.1,2.13
506,Peter Lambert\lambepe01,22,COL,NL,3,7,0.3,7.25,19,19,0,0,0,0,89.1,119,74,72,18,36,3,57,6,0,5,420,72,5.97,1.735,12,1.8,3.6,5.7,1.58
170,Jhoulys Chacin\chacijh01,31,MIL,NL,3,10,0.231,5.79,19,19,0,0,0,0,88.2,99,61,57,19,39,1,80,5,0,3,403,77,5.68,1.556,10,1.9,4,8.1,2.05
356,Gio Gonzalez*\gonzagi01,33,MIL,NL,3,2,0.6,3.5,19,17,0,0,0,0,87.1,76,36,34,9,37,0,78,0,0,5,366,127,4.04,1.294,7.8,0.9,3.8,8,2.11
414,Liam Hendriks\hendrli01,30,OAK,AL,4,4,0.5,1.8,75,2,41,0,0,25,85,61,18,17,5,21,5,124,2,0,7,332,240,1.87,0.965,6.5,0.5,2.2,13.1,5.9
685,Freddy Peralta\peralfr01,23,MIL,NL,7,3,0.7,5.29,39,8,3,0,0,1,85,87,58,50,15,37,1,115,2,0,3,382,84,4.18,1.459,9.2,1.6,3.9,12.2,3.11
183,Taylor Clarke\clarkta01,26,ARI,NL,5,5,0.5,5.31,23,15,3,0,0,1,84.2,86,55,50,23,30,0,68,6,0,3,369,84,6.41,1.37,9.1,2.4,3.2,7.2,2.27
943,Jose Urena\urenajo01,27,MIA,NL,4,10,0.286,5.21,24,13,8,0,0,3,84.2,99,53,49,13,26,3,62,2,0,2,369,81,4.74,1.476,10.5,1.4,2.8,6.6,2.38
300,Wilmer Font\fontwi01,29,TOT,MLB,4,5,0.444,4.48,48,17,6,0,0,0,84.1,78,42,42,17,29,2,95,3,1,2,356,98,4.72,1.269,8.3,1.8,3.1,10.1,3.28
431,Derek Holland*\hollade01,32,TOT,NL,2,5,0.286,6.08,51,8,19,1,0,0,84.1,82,61,57,20,45,2,82,4,0,1,376,70,6.1,1.506,8.8,2.1,4.8,8.8,1.82
380,Junior Guerra\guerrju02,34,MIL,NL,9,5,0.643,3.55,72,0,11,0,0,3,83.2,58,35,33,11,36,2,77,4,0,5,344,126,4.52,1.124,6.2,1.2,3.9,8.3,2.14
526,Michael Lorenzen\lorenmi01,27,CIN,NL,1,4,0.2,2.92,73,0,16,0,0,7,83.1,68,29,27,9,28,1,85,2,0,2,343,156,3.66,1.152,7.3,1,3,9.2,3.04
1030,Alex Young*\youngal01,25,ARI,NL,7,5,0.583,3.56,17,15,0,0,0,0,83.1,72,40,33,14,27,4,71,4,0,2,349,125,4.81,1.188,7.8,1.5,2.9,7.7,2.63
698,Yusmeiro Petit\petityu01,34,OAK,AL,5,3,0.625,2.71,80,0,6,0,0,0,83,57,25,25,11,10,0,71,0,0,2,308,159,3.59,0.807,6.2,1.2,1.1,7.7,7.1
79,Jaime Barria\barrija01,22,LAA,AL,4,10,0.286,6.42,19,13,1,0,0,0,82.2,92,61,59,24,27,0,75,2,0,1,365,71,6.23,1.44,10,2.6,2.9,8.2,2.78
418,Elieser Hernandez\hernael01,24,MIA,NL,3,5,0.375,5.03,21,15,1,0,0,0,82.1,76,49,46,20,26,1,85,9,1,2,353,84,5.58,1.239,8.3,2.2,2.8,9.3,3.27
535,Jordan Lyles\lylesjo01,28,PIT,NL,5,7,0.417,5.36,17,17,0,0,0,0,82.1,88,53,49,16,33,1,90,1,0,4,361,80,4.79,1.47,9.6,1.7,3.6,9.8,2.73
1010,Asher Wojciechowski\wojcias01,30,BAL,AL,4,8,0.333,4.92,17,16,0,0,0,0,82.1,80,46,45,17,28,0,80,9,0,3,361,96,5.3,1.312,8.7,1.9,3.1,8.7,2.86
881,Craig Stammen\stammcr01,35,SDP,NL,8,7,0.533,3.29,76,0,12,0,0,4,82,80,36,30,13,15,2,73,2,0,0,339,129,4.12,1.159,8.8,1.4,1.6,8,4.87
168,Luis Cessa\cessalu01,27,NYY,AL,2,1,0.667,4.11,43,0,14,0,0,1,81,75,42,37,14,31,1,75,3,0,1,343,108,4.87,1.309,8.3,1.6,3.4,8.3,2.42
912,Jose Suarez*\suarejo01,21,LAA,AL,2,6,0.25,7.11,19,15,0,0,0,0,81,100,67,64,23,33,1,72,10,1,5,375,64,6.72,1.642,11.1,2.6,3.7,8,2.18
158,Carlos Carrasco\carraca01,32,CLE,AL,6,7,0.462,5.29,23,12,3,1,1,1,80,92,48,47,18,16,1,96,2,0,2,341,89,4.41,1.35,10.4,2,1.8,10.8,6
318,Zac Gallen\galleza01,23,TOT,NL,3,6,0.333,2.81,15,15,0,0,0,0,80,62,26,25,8,36,1,96,4,0,3,334,156,3.61,1.225,7,0.9,4.1,10.8,2.67
332,Kevin Gausman\gausmke01,28,ATL,NL,3,7,0.3,6.19,16,16,0,0,0,0,80,92,60,55,12,27,2,85,4,0,2,360,73,4.2,1.488,10.4,1.4,3,9.6,3.15
422,David Hess\hessda01,25,BAL,AL,1,10,0.091,7.09,23,14,5,0,0,0,80,94,73,63,28,30,0,68,2,0,1,365,67,7.26,1.55,10.6,3.2,3.4,7.7,2.27
532,Seth Lugo\lugose01,29,NYM,NL,7,4,0.636,2.7,61,0,14,0,0,6,80,56,28,24,8,16,4,104,5,0,2,314,150,2.7,0.9,6.3,0.9,1.8,11.7,6.5
